{
  "app":{
    "serial_number":"teamXY",
    "result_file_path":"C:\\_git\\automation-framework\\results",
    "Operator":"Tobias Lafer",
    "Cancel":false,
    "Continue":true,
    "Measurement":"OPA 188"
  },
  "Instruments":[
    {
      "use_python":true,
      "required":false,
      "Category":"PSU",
      "Model":"PXI-4110",
      "Resource":"PS",
      "Channel":"0",
      "TestStand":""
    },
    {
      "use_python":true,
      "required":false,
      "Category":"SMU",
      "Model":"PXIe-4142",
      "Resource":"SMU",
      "Channel":"",
      "TestStand":""
    },
    {
      "use_python":true,
      "required":false,
      "Category":"PSU",
      "Model":"PL303QMD",
      "Resource":"PS02",
      "Channel":"",
      "TestStand":""
    },
    {
      "use_python":true,
      "required":false,
      "Category":"DMM",
      "Model":"PXIe-4080",
      "Resource":"DMM",
      "Channel":"",
      "TestStand":""
    },
    {
      "use_python":true,
      "required":false,
      "Category":"DMM",
      "Model":"34450A",
      "Resource":"DMM02",
      "Channel":"",
      "TestStand":""
    },
    {
      "use_python":true,
      "required":false,
      "Category":"ARB",
      "Model":"PXIE-5413",
      "Resource":"FGEN",
      "Channel":"",
      "TestStand":""
    },
    {
      "use_python":true,
      "required":false,
      "Category":"ARB",
      "Model":"33500B",
      "Resource":"AWG02",
      "Channel":"0",
      "TestStand":"FGEN"
    },
    {
      "use_python":true,
      "required":false,
      "Category":"SCOPE",
      "Model":"PXIE-5110",
      "Resource":"SCOPE",
      "Channel":"",
      "TestStand":""
    },
    {
      "use_python":true,
      "required":false,
      "Category":"SCOPE",
      "Model":"DSOX3014T",
      "Resource":"SCOPE02",
      "Channel":"",
      "TestStand":"SCOPE"
    },
    {
      "use_python":true,
      "required":false,
      "Category":"PATTERN",
      "Model":"PXIE-6570",
      "Resource":"PATTERN",
      "Channel":"",
      "TestStand":""
    }
  ],
  "OPA 188":{
    "Instruments":[
      {
        "use_python":true,
        "required":true,
        "Category":"PSU",
        "Model":"PXI-4110",
        "Resource":"PS",
        "Channel":"1",
        "TestStand":"VBAT_P"
      },
      {
        "use_python":true,
        "required":true,
        "Category":"PSU",
        "Model":"PXI-4110",
        "Resource":"PS",
        "Channel":"2",
        "TestStand":"VBAT_N"
      },
      {
        "use_python":true,
        "required":true,
        "Category":"DMM",
        "Model":"PXIe-4080",
        "Resource":"DMM",
        "Channel":"None",
        "TestStand":"DMM"
      },
      {
        "use_python":true,
        "required":true,
        "Category":"ARB",
        "Model":"PXIE-5413",
        "Resource":"FGEN",
        "Channel":"None",
        "TestStand":"FGEN"
      },
      {
        "use_python":true,
        "required":true,
        "Category":"SCOPE",
        "Model":"PXIE-5110",
        "Resource":"SCOPE",
        "Channel":"None",
        "TestStand":"SCOPE"
      }
    ],
    "Sequence Path":"F:\\GitLab\\automation-framework\\sequences\\test_opamp_template.seq",
    "Measurements":[
      {
        "enable":true,
        "Testname":"Test.DcCurrent"
      },
      {
        "enable":true,
        "Testname":"Test.AcVoltageGain"
      },
      {
        "enable":true,
        "Testname":"Test.SlewRateP"
      },
      {
        "enable":true,
        "Testname":"Test.SlewRateN"
      },
      {
        "enable":true,
        "Testname":"Test.TransferCurve"
      },
      {
        "enable":true,
        "Testname":"Test.CutOffFrequency"
      }
    ],
    "VBAT":{"VBAT_P":10,"VBAT_N":-10,"I_Limit":0.2},
    "Enable":true
  },
  "Diode":{
    "Instruments":[
      {
        "use_python":true,
        "required":true,
        "Category":"PSU",
        "Model":"PXIe-4142",
        "Resource":"SMU",
        "Channel":"0",
        "TestStand":"V_ZENER"
      },
      {
        "use_python":true,
        "required":true,
        "Category":"PSU",
        "Model":"PXIe-4142",
        "Resource":"SMU",
        "Channel":"1",
        "TestStand":"V_LED"
      }
    ],
    "Sequence Path":"C:\\_git\\stm21_solutions\\sequences\\test_Diode.seq",
    "Measurements":[
      {"enable":true,"Testname":"Test.Led"},
      {"enable":true,"Testname":"Test.Zener"}
    ],
    "Settings":{
      "V_Start":-6,
      "V_Stop":1,
      "V_Step":0.01,
      "I_limit":0.2
    },
    "Enable":false
  },
  "Filter":{
    "Instruments":[
      {
        "use_python":true,
        "required":true,
        "Category":"SCOPE",
        "Model":"DSOX3014T",
        "Resource":"SCOPE02",
        "Channel":"None",
        "TestStand":"SCOPE"
      },
      {
        "use_python":true,
        "required":true,
        "Category":"ARB",
        "Model":"33500B",
        "Resource":"FGEN02",
        "Channel":"0",
        "TestStand":"FGEN"
      }
    ],
    "Sequence Path":"C:\\_git\\stm21_solutions\\sequences\\test_Bodeplot.seq",
    "Measurements":[
      {
        "enable":true,
        "Testname":"Test.Bandpass"
      }
    ],
    "Settings":{
      "f_low":1000,
      "f_high":5000000,
      "points":1024
    },
    "Enable":false
  },
  "ADS 7868":{
    "Instruments":[
      {
        "use_python":true,
        "required":true,
        "Category":"PSU",
        "Model":"PXI-4110",
        "Resource":"PS",
        "Channel":"1",
        "TestStand":"VAUX_ADC"
      },
      {
        "use_python":true,
        "required":true,
        "Category":"PSU",
        "Model":"PXI-4110",
        "Resource":"PS",
        "Channel":"1",
        "TestStand":"VDD_ADC"
      },
      {
        "use_python":true,
        "required":true,
        "Category":"DMM",
        "Model":"PXIe-4080",
        "Resource":"DMM",
        "Channel":"None",
        "TestStand":"DMM_I_ADC"
      },
      {
        "use_python":true,
        "required":true,
        "Category":"ARB",
        "Model":"PXIE-5413",
        "Resource":"FGEN",
        "Channel":"None",
        "TestStand":"FGEN_ADC_IN"
      },
      {
        "use_python":true,
        "required":true,
        "Category":"SMU",
        "Model":"PXIE-4142",
        "Resource":"SMU",
        "Channel":"2",
        "TestStand":"SMU_CH2_ADC_IN"
      }
    ],
    "Sequence Path":"C:\\_git\\stm21_solutions\\sequences\\test_Adc_Solution.seq",
    "Measurements":[
      {
        "enable":true,
        "Testname":"Test.DcOperatingCurrent"
      },
      {
        "enable":true,
        "Testname":"Test.StdDevAtCodeCenter"
      },
      {
        "enable":true,
        "Testname":"Test.DynamicAdcParameters"
      },
      {
        "enable":true,
        "Testname":"Test.StaticAdcParameters"
      }
    ],
    "VBAT":{"VBAT_P":10,"VBAT_N":-10,"I_Limit":0.2},
    "Enable":false
  }
}