{
    "Result": {
        "logged_results": {
            "dut_number": "-1",
            "test_number": "0",
            "symbol": null,
            "test_name": "test_name_alias_default",
            "result": 0.0,
            "low_limit": 0.0,
            "high_limit": 0.0,
            "unit": "V"
        },
        "additional_logged_results": {
            "vbat": 0.0
        },
        "general": {
            "dut": "NoUUT",
            "Operator": "anyone",
            "Runs": 1.0,
            "Resultfile": null
        },
        "instruments": []
    }
}
